{"ACC": [63.47402597402597, 68.24675324675324, 65.51948051948052, 67.79220779220779, 64.87012987012987], "NMI": [81.62959787088133, 82.5653022015395, 81.70305193803192, 82.22749438856813, 82.19176179921952], "ARI": [54.236713473134415, 56.50043255747064, 54.774765545499584, 56.15139040612927, 54.82117793096505], "ACC_mean": 65.98051948051948, "ACC_std": 1.7970009310224246, "NMI_mean": 82.06344163964808, "NMI_std": 0.3502412151907192, "ARI_mean": 55.296895982639796, "ARI_std": 0.8719605287246373}